profileUrl,comment,likeCount,replyCount,username,commentDate,commentId,ownerId,profilePictureUrl,isReply,timestamp,query,error
https://www.instagram.com/dr.yagika_pareek,Modern problems require modern solutions! ğŸ˜‚,27,3,dr.yagika_pareek,2021-07-05T08:07:38.000Z,1.79365E+16,3765336357,https://scontent-lhr8-1.cdninstagram.com/v/t51.2885-19/s150x150/176964676_3968064493286876_3028975745318708481_n.jpg?_nc_ht=scontent-lhr8-1.cdninstagram.com&_nc_ohc=zG8cQUrnHf4AX-x2kYQ&tn=9hblQtT8P0mMjutr&edm=AMrZAGUBAAAA&ccb=7-4&oh=2ff79c4eca9b62a359f079703e7533cd&oe=60F4819B&_nc_sid=9fb510,FALSE,2021-07-13T21:21:41.295Z,https://www.instagram.com/p/CQ8CRbajRhy/,
https://www.instagram.com/blades_sutures,@dr.yagika_pareek ğŸ˜‚ğŸ˜‚ğŸ˜‚ğŸ˜‚,1,,blades_sutures,2021-07-05T09:32:33.000Z,1.79026E+16,43260004180,https://scontent-lhr8-1.cdninstagram.com/v/t51.2885-19/s150x150/181285078_219351209989787_7368424253732262531_n.jpg?_nc_ht=scontent-lhr8-1.cdninstagram.com&_nc_ohc=T1vHXSEKPsIAX8-6TpS&edm=AMrZAGUBAAAA&ccb=7-4&oh=0eff77101ab1ea56fba052628a59a1dd&oe=60F5196C&_nc_sid=9fb510,TRUE,2021-07-13T21:21:41.295Z,https://www.instagram.com/p/CQ8CRbajRhy/,
https://www.instagram.com/die____lit,@dr.yagika_pareek Modern morons require modern mutants & waves ğŸ˜ª,4,,die____lit,2021-07-05T09:41:57.000Z,1.79215E+16,1451630765,https://scontent-lhr8-1.cdninstagram.com/v/t51.2885-19/s150x150/217188702_567980327528824_7710719235503629281_n.jpg?_nc_ht=scontent-lhr8-1.cdninstagram.com&_nc_ohc=QOdwyr7o484AX93TepE&tn=9hblQtT8P0mMjutr&edm=AMrZAGUBAAAA&ccb=7-4&oh=4c4efd893265c2b99a39ba65d5390206&oe=60F4BD0F&_nc_sid=9fb510,TRUE,2021-07-13T21:21:41.295Z,https://www.instagram.com/p/CQ8CRbajRhy/,
https://www.instagram.com/dr.yagika_pareek,@die____lit touchÃ© ğŸ˜‚,0,,dr.yagika_pareek,2021-07-05T10:02:03.000Z,1.80162E+16,3765336357,https://scontent-lhr8-1.cdninstagram.com/v/t51.2885-19/s150x150/176964676_3968064493286876_3028975745318708481_n.jpg?_nc_ht=scontent-lhr8-1.cdninstagram.com&_nc_ohc=zG8cQUrnHf4AX-x2kYQ&edm=AMrZAGUBAAAA&ccb=7-4&oh=fb77f4b6fcfda59998f1098348055261&oe=60F4819B&_nc_sid=9fb510,TRUE,2021-07-13T21:21:41.295Z,https://www.instagram.com/p/CQ8CRbajRhy/,
https://www.instagram.com/dr.monk.13,ğŸ˜‚ğŸ˜‚ . Le citizens be like : Dream 11 khelo dimag se ğŸ˜‚,8,0,dr.monk.13,2021-07-05T08:16:32.000Z,1.78433E+16,6456061710,https://scontent-lhr8-1.cdninstagram.com/v/t51.2885-19/s150x150/189750585_4312376615453028_4530742565652219758_n.jpg?_nc_ht=scontent-lhr8-1.cdninstagram.com&_nc_ohc=AwBfpH9nlJwAX97bNTt&edm=AMrZAGUBAAAA&ccb=7-4&oh=c53d3acd1c49f9fc5c14e67a7c09f37b&oe=60F5E542&_nc_sid=9fb510,FALSE,2021-07-13T21:21:41.295Z,https://www.instagram.com/p/CQ8CRbajRhy/,
https://www.instagram.com/drkay.md,ğŸ¤¦ğŸ¤¦ğŸ¤¦ğŸ¤¦ğŸ¤¦,1,0,drkay.md,2021-07-05T08:58:57.000Z,1.79669E+16,1465691285,https://scontent-lhr8-1.cdninstagram.com/v/t51.2885-19/s150x150/152400381_1419106891786564_3560755402606990139_n.jpg?_nc_ht=scontent-lhr8-1.cdninstagram.com&_nc_ohc=gbPf9rv1VHQAX-x35N5&edm=AMrZAGUBAAAA&ccb=7-4&oh=0b465c8532292e9d9c621fe2109e9508&oe=60F53290&_nc_sid=9fb510,FALSE,2021-07-13T21:21:41.295Z,https://www.instagram.com/p/CQ8CRbajRhy/,
https://www.instagram.com/priya_dev,ğŸ˜‚ğŸ˜‚ğŸ˜‚ğŸ˜‚,1,0,priya_dev,2021-07-08T14:04:08.000Z,1.8239E+16,328253446,https://scontent-lhr8-1.cdninstagram.com/v/t51.2885-19/s150x150/175556225_506533210754047_4813859981633184225_n.jpg?_nc_ht=scontent-lhr8-1.cdninstagram.com&_nc_ohc=-0_7FZKvY3sAX8YjN23&edm=AMrZAGUBAAAA&ccb=7-4&oh=a5f11c22c52f61349af7c164e3e78d0c&oe=60F4EBC7&_nc_sid=9fb510,FALSE,2021-07-13T21:21:41.295Z,https://www.instagram.com/p/CQ8CRbajRhy/,
https://www.instagram.com/dr.karthikmurali,ğŸ˜†,1,0,dr.karthikmurali,2021-07-05T08:14:27.000Z,1.79049E+16,4651118803,https://scontent-lhr8-1.cdninstagram.com/v/t51.2885-19/s150x150/156494909_913267649464053_1795543492465031209_n.jpg?_nc_ht=scontent-lhr8-1.cdninstagram.com&_nc_ohc=CRM1gmsdfl4AX8nfiwT&edm=AMrZAGUBAAAA&ccb=7-4&oh=bbe399ab61ffb4c3945f946da645d7a0&oe=60F5AD1B&_nc_sid=9fb510,FALSE,2021-07-13T21:21:41.295Z,https://www.instagram.com/p/CQ8CRbajRhy/,
https://www.instagram.com/karthikadevid.s,ğŸ’¯,0,0,karthikadevid.s,2021-07-05T15:10:24.000Z,1.78959E+16,3543032384,https://scontent-lhr8-1.cdninstagram.com/v/t51.2885-19/s150x150/159975533_149043040332920_878880775182633267_n.jpg?_nc_ht=scontent-lhr8-1.cdninstagram.com&_nc_ohc=ijCx8AsFweEAX_yATFq&edm=AMrZAGUBAAAA&ccb=7-4&oh=60009bf42067d8ce20e9e45408eee023&oe=60F4B1D0&_nc_sid=9fb510,FALSE,2021-07-13T21:21:41.295Z,https://www.instagram.com/p/CQ8CRbajRhy/,
https://www.instagram.com/kasturibhambid,ğŸ˜‚,0,0,kasturibhambid,2021-07-05T10:07:30.000Z,1.78909E+16,1730661106,https://scontent-lhr8-1.cdninstagram.com/v/t51.2885-19/s150x150/120622251_1345372475794757_5544875243650910937_n.jpg?_nc_ht=scontent-lhr8-1.cdninstagram.com&_nc_ohc=2zCP8edaOdoAX9L7fKV&edm=AMrZAGUBAAAA&ccb=7-4&oh=0c2ba00a76aeebf473b75b22b4791d46&oe=60F3F813&_nc_sid=9fb510,FALSE,2021-07-13T21:21:41.295Z,https://www.instagram.com/p/CQ8CRbajRhy/,
https://www.instagram.com/docpharmaniac,ğŸ˜€,0,0,docpharmaniac,2021-07-07T07:12:48.000Z,1.78924E+16,6703625890,https://scontent-lhr8-1.cdninstagram.com/v/t51.2885-19/s150x150/101061954_736071033872203_4569218842093420544_n.jpg?_nc_ht=scontent-lhr8-1.cdninstagram.com&_nc_ohc=xd9nUPgu5jsAX_1Mc-q&edm=AMrZAGUBAAAA&ccb=7-4&oh=07fade0ffd0726e23539ef0decd1ca7a&oe=60F4D6AA&_nc_sid=9fb510,FALSE,2021-07-13T21:21:41.295Z,https://www.instagram.com/p/CQ8CRbajRhy/,
https://www.instagram.com/panda.ananya,Smart solution reallyğŸ˜‚ğŸ˜‚ğŸ˜‚,0,0,panda.ananya,2021-07-05T11:29:42.000Z,1.81326E+16,4636664097,https://scontent-lhr8-1.cdninstagram.com/v/t51.2885-19/s150x150/174679729_723829284962647_164849965186412303_n.jpg?_nc_ht=scontent-lhr8-1.cdninstagram.com&_nc_ohc=LBZ3tqS-s2AAX-Uj4rS&edm=AMrZAGUBAAAA&ccb=7-4&oh=d6d6973f043a5c721d60b3c9bbd5ec2e&oe=60F491CE&_nc_sid=9fb510,FALSE,2021-07-13T21:21:41.295Z,https://www.instagram.com/p/CQ8CRbajRhy/,
https://www.instagram.com/betsychrysella,ğŸ˜‚ğŸ˜‚,0,0,betsychrysella,2021-07-05T08:05:56.000Z,1.80946E+16,4467903304,https://scontent-lhr8-1.cdninstagram.com/v/t51.2885-19/s150x150/185745373_1182460862216610_1416290627408504793_n.jpg?_nc_ht=scontent-lhr8-1.cdninstagram.com&_nc_ohc=cB8m3cL8vckAX9NOEIM&edm=AMrZAGUBAAAA&ccb=7-4&oh=c110b5ec75846adf237f21352a6501a6&oe=60F45236&_nc_sid=9fb510,FALSE,2021-07-13T21:21:41.295Z,https://www.instagram.com/p/CQ8CRbajRhy/,
https://www.instagram.com/dontia.dental.care.kolkata,ğŸ˜‚ğŸ˜‚,0,0,dontia.dental.care.kolkata,2021-07-05T09:51:24.000Z,1.78428E+16,2150374146,https://scontent-lhr8-1.cdninstagram.com/v/t51.2885-19/s150x150/152025219_436865010961327_2370902313663000071_n.jpg?_nc_ht=scontent-lhr8-1.cdninstagram.com&_nc_ohc=Z6h8jmE_d1gAX90vJgT&edm=AMrZAGUBAAAA&ccb=7-4&oh=58477f130369f3ed40a6304f4fd3155f&oe=60F572FF&_nc_sid=9fb510,FALSE,2021-07-13T21:21:41.295Z,https://www.instagram.com/p/CQ8CRbajRhy/,
https://www.instagram.com/tanwartisha,ğŸ˜‚,0,0,tanwartisha,2021-07-05T08:31:24.000Z,1.81725E+16,2221253389,https://scontent-lhr8-1.cdninstagram.com/v/t51.2885-19/s150x150/200204323_2830794977234182_3599783163837547080_n.jpg?_nc_ht=scontent-lhr8-1.cdninstagram.com&_nc_ohc=d2Uwv-n4xdoAX94QpVv&edm=AMrZAGUBAAAA&ccb=7-4&oh=ee29e7874928eebf9eb35c515a965dd9&oe=60F582D8&_nc_sid=9fb510,FALSE,2021-07-13T21:21:41.295Z,https://www.instagram.com/p/CQ8CRbajRhy/,
https://www.instagram.com/hemant.garg.44,ğŸ˜‚ğŸ˜‚,0,0,hemant.garg.44,2021-07-05T10:48:01.000Z,1.79386E+16,39038458782,https://scontent-lhr8-1.cdninstagram.com/v/t51.2885-19/s150x150/152501835_130205048990295_9074491277192412586_n.jpg?_nc_ht=scontent-lhr8-1.cdninstagram.com&_nc_ohc=r2ovmgVFpbQAX_6-hLD&tn=9hblQtT8P0mMjutr&edm=AMrZAGUBAAAA&ccb=7-4&oh=b4759e49c3ebe0ad24f4a31b28a4fabc&oe=60F58EDA&_nc_sid=9fb510,FALSE,2021-07-13T21:21:41.295Z,https://www.instagram.com/p/CQ8CRbajRhy/,
https://www.instagram.com/inkmindsetstudios,ğŸ˜‚,0,0,inkmindsetstudios,2021-07-06T17:49:50.000Z,1.79251E+16,3828266783,https://scontent-lhr8-1.cdninstagram.com/v/t51.2885-19/s150x150/161453393_877431449713407_8573650935852208630_n.jpg?_nc_ht=scontent-lhr8-1.cdninstagram.com&_nc_ohc=dYO_Gq_fdgQAX80ce3r&edm=AMrZAGUBAAAA&ccb=7-4&oh=e85c1114bc51df9e7af8902cdb17b20f&oe=60F58FE1&_nc_sid=9fb510,FALSE,2021-07-13T21:21:41.295Z,https://www.instagram.com/p/CQ8CRbajRhy/,
https://www.instagram.com/snahamanivasagan,ğŸ˜‚ğŸ˜‚,0,0,snahamanivasagan,2021-07-05T08:23:44.000Z,1.81651E+16,18151239239,https://scontent-lhr8-1.cdninstagram.com/v/t51.2885-19/s150x150/173886409_458072462130475_1476611963098885640_n.jpg?_nc_ht=scontent-lhr8-1.cdninstagram.com&_nc_ohc=l1TWAci_frcAX9hkoDD&tn=9hblQtT8P0mMjutr&edm=AMrZAGUBAAAA&ccb=7-4&oh=0e57dbbb5b36129f7dbadd59ab056acc&oe=60F4EA84&_nc_sid=9fb510,FALSE,2021-07-13T21:21:41.295Z,https://www.instagram.com/p/CQ8CRbajRhy/,
https://www.instagram.com/raouf_pbvr_,ğŸ˜‚ğŸ˜‚,0,0,raouf_pbvr_,2021-07-05T09:10:16.000Z,1.79238E+16,6068636251,https://scontent-lhr8-1.cdninstagram.com/v/t51.2885-19/s150x150/70819495_448667762522034_3874452841959522304_n.jpg?_nc_ht=scontent-lhr8-1.cdninstagram.com&_nc_ohc=3Ivnf-mhew8AX9m1Vi3&edm=AMrZAGUBAAAA&ccb=7-4&oh=df8b68288c35affa17c132a8bf69eac9&oe=60F5BF11&_nc_sid=9fb510,FALSE,2021-07-13T21:21:41.295Z,https://www.instagram.com/p/CQ8CRbajRhy/,
https://www.instagram.com/pranitamatani,Hahahaha so true sir !! ğŸ¤£ğŸ¤£,0,0,pranitamatani,2021-07-06T03:21:41.000Z,1.80014E+16,1414887605,https://scontent-lhr8-1.cdninstagram.com/v/t51.2885-19/s150x150/123703298_212250063578936_683442471624803577_n.jpg?_nc_ht=scontent-lhr8-1.cdninstagram.com&_nc_ohc=Ujyrw3GeyKEAX9fY6xb&tn=9hblQtT8P0mMjutr&edm=AMrZAGUBAAAA&ccb=7-4&oh=4e80b56a59d218506e363b0bbd2de0ae&oe=60F59CCF&_nc_sid=9fb510,FALSE,2021-07-13T21:21:41.295Z,https://www.instagram.com/p/CQ8CRbajRhy/,
https://www.instagram.com/dr_neha_rahate,ğŸ˜‚,0,0,dr_neha_rahate,2021-07-05T16:48:26.000Z,1.78767E+16,275921645,https://scontent-lhr8-1.cdninstagram.com/v/t51.2885-19/s150x150/156947961_191257939464347_1407645971776168203_n.jpg?_nc_ht=scontent-lhr8-1.cdninstagram.com&_nc_ohc=tDJtffuUBtIAX_TKff1&tn=9hblQtT8P0mMjutr&edm=AMrZAGUBAAAA&ccb=7-4&oh=37a850d173d4542c6c1e7bf6733ab340&oe=60F3FAEC&_nc_sid=9fb510,FALSE,2021-07-13T21:21:41.295Z,https://www.instagram.com/p/CQ8CRbajRhy/,
https://www.instagram.com/drbardhan.ortho,ğŸ˜‚ğŸ˜‚ğŸ˜‚,0,0,drbardhan.ortho,2021-07-05T11:18:56.000Z,1.78844E+16,41975591616,https://scontent-lhr8-1.cdninstagram.com/v/t51.2885-19/s150x150/137037005_317424002931872_3047304748905531799_n.jpg?_nc_ht=scontent-lhr8-1.cdninstagram.com&_nc_ohc=mG1oLXX3D20AX_yf_RI&edm=AMrZAGUBAAAA&ccb=7-4&oh=c9cda059e92b874118d2c5bb8d0da26a&oe=60F4D5EB&_nc_sid=9fb510,FALSE,2021-07-13T21:21:41.295Z,https://www.instagram.com/p/CQ8CRbajRhy/,
https://www.instagram.com/kp26_30,ğŸ˜‚ğŸ˜‚,0,0,kp26_30,2021-07-05T08:21:34.000Z,1.78938E+16,3544564448,https://scontent-lhr8-1.cdninstagram.com/v/t51.2885-19/s150x150/121071110_393768411952515_4919557552726627559_n.jpg?_nc_ht=scontent-lhr8-1.cdninstagram.com&_nc_ohc=kOM7V_UuICoAX98ZxbK&tn=9hblQtT8P0mMjutr&edm=AMrZAGUBAAAA&ccb=7-4&oh=f2bf0b1e74a6ff617604c382f6ebe022&oe=60F54AAD&_nc_sid=9fb510,FALSE,2021-07-13T21:21:41.295Z,https://www.instagram.com/p/CQ8CRbajRhy/,
https://www.instagram.com/ashimadogra.ad,ğŸ¤£ğŸ¤£ğŸ¤£ğŸ¤£ğŸ¤£ğŸ¤£,0,0,ashimadogra.ad,2021-07-05T08:06:15.000Z,1.7924E+16,3407676904,https://scontent-lhr8-1.cdninstagram.com/v/t51.2885-19/s150x150/204111216_487617312540110_3307056638765295334_n.jpg?_nc_ht=scontent-lhr8-1.cdninstagram.com&_nc_ohc=tg2Jw8e02lEAX875t9M&edm=AMrZAGUBAAAA&ccb=7-4&oh=e7ecf557770bad89a60cf710d7032b81&oe=60F5047B&_nc_sid=9fb510,FALSE,2021-07-13T21:21:41.295Z,https://www.instagram.com/p/CQ8CRbajRhy/,
https://www.instagram.com/amitar3,ğŸ˜‚ğŸ˜‚ğŸ˜‚ğŸ˜‚ğŸ˜‚,0,0,amitar3,2021-07-05T08:12:32.000Z,1.79124E+16,8009776208,https://scontent-lhr8-1.cdninstagram.com/v/t51.2885-19/s150x150/109573706_592423934977492_8827585405194837737_n.jpg?_nc_ht=scontent-lhr8-1.cdninstagram.com&_nc_ohc=ept-byUnjQgAX_CZa0D&edm=AMrZAGUBAAAA&ccb=7-4&oh=1fa45ec6cb908cc2b2f714bc535c1858&oe=60F4A915&_nc_sid=9fb510,FALSE,2021-07-13T21:21:41.295Z,https://www.instagram.com/p/CQ8CRbajRhy/,
https://www.instagram.com/passport.to.freeedom,ğŸ˜‚ğŸ˜‚ğŸ˜‚ğŸ˜‚,0,0,passport.to.freeedom,2021-07-05T09:00:31.000Z,1.79424E+16,32885263444,https://scontent-lhr8-1.cdninstagram.com/v/t51.2885-19/s150x150/217849713_332068245058293_9221523670171943331_n.jpg?_nc_ht=scontent-lhr8-1.cdninstagram.com&_nc_ohc=SpvYk5dSAA0AX8g-oEG&tn=9hblQtT8P0mMjutr&edm=AMrZAGUBAAAA&ccb=7-4&oh=daadf1a0ff8c797b8acbf5eb0acea58b&oe=60F4BAB4&_nc_sid=9fb510,FALSE,2021-07-13T21:21:41.295Z,https://www.instagram.com/p/CQ8CRbajRhy/,
https://www.instagram.com/cuttingwaalichaaai,ğŸ˜‚ğŸ˜‚ğŸ˜‚ğŸ˜‚ğŸ˜‚ğŸ˜‚,0,0,cuttingwaalichaaai,2021-07-05T09:22:59.000Z,1.80923E+16,1465071471,https://scontent-lhr8-1.cdninstagram.com/v/t51.2885-19/s150x150/196352704_4497680426927019_7450833298749725335_n.jpg?_nc_ht=scontent-lhr8-1.cdninstagram.com&_nc_ohc=B56nSN0Lc5IAX_4j_wA&edm=AMrZAGUBAAAA&ccb=7-4&oh=94bc4b29c9ffc1347377bd42fe0280c5&oe=60F5799E&_nc_sid=9fb510,FALSE,2021-07-13T21:21:41.295Z,https://www.instagram.com/p/CQ8CRbajRhy/,
https://www.instagram.com/kaleidoscope_5,lololol,0,0,kaleidoscope_5,2021-07-05T08:24:09.000Z,1.80511E+16,13518730222,https://scontent-lhr8-1.cdninstagram.com/v/t51.2885-19/s150x150/209006605_755829658418254_4847792392006861872_n.jpg?_nc_ht=scontent-lhr8-1.cdninstagram.com&_nc_ohc=bV_Iktm_pVoAX8g5HhO&edm=AMrZAGUBAAAA&ccb=7-4&oh=2a8ab38e1cfe09b0b9db58f3f475aa78&oe=60F4013B&_nc_sid=9fb510,FALSE,2021-07-13T21:21:41.295Z,https://www.instagram.com/p/CQ8CRbajRhy/,
https://www.instagram.com/dr__shri___biradar,ğŸ˜‚ğŸ˜‚ğŸ˜‚,0,0,dr__shri___biradar,2021-07-05T10:05:54.000Z,1.79182E+16,1688999797,https://scontent-lhr8-1.cdninstagram.com/v/t51.2885-19/s150x150/209317435_562362378474855_4010813392479797516_n.jpg?_nc_ht=scontent-lhr8-1.cdninstagram.com&_nc_ohc=NLRxsP0o1yYAX97I9EX&edm=AMrZAGUBAAAA&ccb=7-4&oh=f5eab56b04cacfeda090a8bdb97a59fe&oe=60F4976F&_nc_sid=9fb510,FALSE,2021-07-13T21:21:41.295Z,https://www.instagram.com/p/CQ8CRbajRhy/,
https://www.instagram.com/the_medical_guru,ğŸ˜‚ğŸ˜‚ğŸ˜‚,0,0,the_medical_guru,2021-07-05T08:03:24.000Z,1.79215E+16,35193477743,https://scontent-lhr8-1.cdninstagram.com/v/t51.2885-19/s150x150/197708412_152401383603666_941834062357432279_n.jpg?_nc_ht=scontent-lhr8-1.cdninstagram.com&_nc_ohc=adgE3V6yio0AX9jC_bd&edm=AMrZAGUBAAAA&ccb=7-4&oh=eb93bf5ae093ab0d5a3e6a2518eeafa2&oe=60F5A207&_nc_sid=9fb510,FALSE,2021-07-13T21:21:41.295Z,https://www.instagram.com/p/CQ8CRbajRhy/,
https://www.instagram.com/surrbhistark,ğŸ˜‚ğŸ˜‚ğŸ˜‚ğŸ˜‚,0,0,surrbhistark,2021-07-05T08:10:16.000Z,1.79048E+16,1826381033,https://scontent-lhr8-1.cdninstagram.com/v/t51.2885-19/s150x150/210895776_533595751327213_6374371516694716733_n.jpg?_nc_ht=scontent-lhr8-1.cdninstagram.com&_nc_ohc=4OplOZy9QMoAX8P2bdC&edm=AMrZAGUBAAAA&ccb=7-4&oh=16d5cd92d1e553609e7efc352544b47d&oe=60F41974&_nc_sid=9fb510,FALSE,2021-07-13T21:21:41.295Z,https://www.instagram.com/p/CQ8CRbajRhy/,
https://www.instagram.com/progressing.doc,Somewhere in parallel turtle ğŸ¢ ğŸ¦´world :- BEST WAY TO NOT TO FORGET WHAT WE STUDY IS TO NOT STUDY ğŸ¥²ğŸ™ˆ,1,0,progressing.doc,2021-07-05T13:31:03.000Z,1.79025E+16,34134587221,https://scontent-lhr8-1.cdninstagram.com/v/t51.2885-19/s150x150/167219525_958217128319779_2305232306912439766_n.jpg?_nc_ht=scontent-lhr8-1.cdninstagram.com&_nc_ohc=ceyMrRUfEWoAX__YdQh&tn=9hblQtT8P0mMjutr&edm=AMrZAGUBAAAA&ccb=7-4&oh=b54c6f0e1422e2d515947e047039dbb7&oe=60F5D2FF&_nc_sid=9fb510,FALSE,2021-07-13T21:21:41.295Z,https://www.instagram.com/p/CQ8CRbajRhy/,
https://www.instagram.com/cascillataillon,@j.rod56,1,0,cascillataillon,2021-07-05T19:05:17.000Z,1.79024E+16,1916218278,https://scontent-lhr8-1.cdninstagram.com/v/t51.2885-19/s150x150/176642697_483242826442296_3841680442610809191_n.jpg?_nc_ht=scontent-lhr8-1.cdninstagram.com&_nc_ohc=pSmFfTGl7ZwAX8s9G0S&edm=AMrZAGUBAAAA&ccb=7-4&oh=8c95c5268f91014d8b49ed5841c4bfd3&oe=60F45D2B&_nc_sid=9fb510,FALSE,2021-07-13T21:21:41.295Z,https://www.instagram.com/p/CQ8CRbajRhy/,
https://www.instagram.com/__swagatika____,ğŸ˜‚ğŸ˜‚ğŸ˜‚,0,0,__swagatika____,2021-07-05T09:33:33.000Z,1.78842E+16,4582767402,https://scontent-lhr8-1.cdninstagram.com/v/t51.2885-19/s150x150/212050869_351644762991964_7384911529534102338_n.jpg?_nc_ht=scontent-lhr8-1.cdninstagram.com&_nc_ohc=P9d7vvgdKlsAX9rhBL-&edm=AMrZAGUBAAAA&ccb=7-4&oh=eb6a457bf7447d6fd7f75c24a04d45d3&oe=60F44792&_nc_sid=9fb510,FALSE,2021-07-13T21:21:41.295Z,https://www.instagram.com/p/CQ8CRbajRhy/,
https://www.instagram.com/shobhan.b,People like..Khelo dimag seğŸ˜‚ğŸ˜‚,0,0,shobhan.b,2021-07-05T09:26:58.000Z,1.78743E+16,5545140747,https://scontent-lhr8-1.cdninstagram.com/v/t51.2885-19/s150x150/195853114_4340989329259252_4889825816724855199_n.jpg?_nc_ht=scontent-lhr8-1.cdninstagram.com&_nc_ohc=R42Qy3B0WLcAX9P1kla&edm=AMrZAGUBAAAA&ccb=7-4&oh=b646328bf0329cdf17397683de1c4c6d&oe=60F43465&_nc_sid=9fb510,FALSE,2021-07-13T21:21:41.295Z,https://www.instagram.com/p/CQ8CRbajRhy/,
https://www.instagram.com/nitin.bhat23,Mera Bharat mahaanğŸ’ªğŸ˜‚,0,0,nitin.bhat23,2021-07-05T08:13:55.000Z,1.79069E+16,11597643935,https://scontent-lhr8-1.cdninstagram.com/v/t51.2885-19/s150x150/122045901_3696719403701141_2179178785706695078_n.jpg?_nc_ht=scontent-lhr8-1.cdninstagram.com&_nc_ohc=JDNS0jrx_1UAX_8wdqg&edm=AMrZAGUBAAAA&ccb=7-4&oh=d747422f05784f08788e17fa703ea939&oe=60F41AB4&_nc_sid=9fb510,FALSE,2021-07-13T21:21:41.295Z,https://www.instagram.com/p/CQ8CRbajRhy/,
https://www.instagram.com/hardik4696,ğŸ˜‚ğŸ˜‚ğŸ˜‚ğŸ˜‚ğŸ˜‚,0,0,hardik4696,2021-07-05T08:10:40.000Z,1.79062E+16,2219233485,https://scontent-lhr8-1.cdninstagram.com/v/t51.2885-19/s150x150/210510079_4561382243892178_2464494796817312916_n.jpg?_nc_ht=scontent-lhr8-1.cdninstagram.com&_nc_ohc=7WDNUWM1BCgAX8wQoG1&edm=AMrZAGUBAAAA&ccb=7-4&oh=8f5e0d51dbccc3b03f356dc3a0d49836&oe=60F43058&_nc_sid=9fb510,FALSE,2021-07-13T21:21:41.295Z,https://www.instagram.com/p/CQ8CRbajRhy/,
https://www.instagram.com/neha.g_dr23,ğŸ˜‚,0,0,neha.g_dr23,2021-07-05T09:20:44.000Z,1.78829E+16,39497519672,https://scontent-lhr8-1.cdninstagram.com/v/t51.2885-19/s150x150/126545931_192334305722060_488856548300506042_n.jpg?_nc_ht=scontent-lhr8-1.cdninstagram.com&_nc_ohc=zoMTygpI6YUAX8Ypnlh&edm=AMrZAGUBAAAA&ccb=7-4&oh=483e27787e871c857a5ba4d184ac023b&oe=60F48A6E&_nc_sid=9fb510,FALSE,2021-07-13T21:21:41.295Z,https://www.instagram.com/p/CQ8CRbajRhy/,
https://www.instagram.com/rezwan_wanii,lmfaoğŸ˜‚,0,0,rezwan_wanii,2021-07-05T08:51:36.000Z,1.79095E+16,8091144524,https://scontent-lhr8-1.cdninstagram.com/v/t51.2885-19/s150x150/212130433_514550216418820_8153658022166572646_n.jpg?_nc_ht=scontent-lhr8-1.cdninstagram.com&_nc_ohc=HA9G1YE-SFEAX-8qkut&tn=9hblQtT8P0mMjutr&edm=AMrZAGUBAAAA&ccb=7-4&oh=9b9aebad8a52fd89a2a11072d1cff29b&oe=60F47170&_nc_sid=9fb510,FALSE,2021-07-13T21:21:41.295Z,https://www.instagram.com/p/CQ8CRbajRhy/,
https://www.instagram.com/khawajaburhan14,ğŸ˜‚ğŸ˜‚ğŸ˜‚,0,0,khawajaburhan14,2021-07-05T13:23:32.000Z,1.78636E+16,3059930472,https://scontent-lhr8-1.cdninstagram.com/v/t51.2885-19/s150x150/43779172_2166052550321164_331537394685706240_n.jpg?_nc_ht=scontent-lhr8-1.cdninstagram.com&_nc_ohc=liqsbR_0-L4AX-KLMFH&edm=AMrZAGUBAAAA&ccb=7-4&oh=9011268c4215a8bf053712b40d370283&oe=60F50F23&_nc_sid=9fb510,FALSE,2021-07-13T21:21:41.295Z,https://www.instagram.com/p/CQ8CRbajRhy/,
https://www.instagram.com/theheart_reviver,"And yet India doesn't learn from it, ppl are gathering in places like they are just left out of some locked up dens ......",0,0,theheart_reviver,2021-07-05T14:34:08.000Z,1.78785E+16,39043787963,https://scontent-lhr8-1.cdninstagram.com/v/t51.2885-19/s150x150/210603351_549442056408160_6663859537281783412_n.jpg?_nc_ht=scontent-lhr8-1.cdninstagram.com&_nc_ohc=kNk9500VXXEAX9n9LVT&edm=AMrZAGUBAAAA&ccb=7-4&oh=301e60a6275b38746848761dee35ae18&oe=60F496D0&_nc_sid=9fb510,FALSE,2021-07-13T21:21:41.295Z,https://www.instagram.com/p/CQ8CRbajRhy/,
https://www.instagram.com/raz.vi786,Yeah..o boy!!!,0,0,raz.vi786,2021-07-06T16:03:44.000Z,1.79521E+16,33763851054,https://scontent-lhr8-1.cdninstagram.com/v/t51.2885-19/s150x150/94608385_240868837030290_7534512908051415040_n.jpg?_nc_ht=scontent-lhr8-1.cdninstagram.com&_nc_ohc=lItY73Ezx5gAX_XV00e&tn=9hblQtT8P0mMjutr&edm=AMrZAGUBAAAA&ccb=7-4&oh=1224cf421818899d2085aa978872a2f6&oe=60F4526F&_nc_sid=9fb510,FALSE,2021-07-13T21:21:41.295Z,https://www.instagram.com/p/CQ8CRbajRhy/,
https://www.instagram.com/uni.qo,Going to manaliiiğŸ˜¢,0,0,uni.qo,2021-07-05T10:02:18.000Z,1.78943E+16,26793614759,https://scontent-lhr8-1.cdninstagram.com/v/t51.2885-19/s150x150/210603357_521128892372112_7867331610306811422_n.jpg?_nc_ht=scontent-lhr8-1.cdninstagram.com&_nc_ohc=LlVXCcBTgGgAX8VjPBs&edm=AMrZAGUBAAAA&ccb=7-4&oh=499ea5fc7e724d5cc9ee71e167dc632e&oe=60F5BF39&_nc_sid=9fb510,FALSE,2021-07-13T21:21:41.295Z,https://www.instagram.com/p/CQ8CRbajRhy/,
https://www.instagram.com/dr_sethi700,Meticulously hilarious ğŸ˜‚,0,0,dr_sethi700,2021-07-05T12:53:46.000Z,1.81526E+16,8078799384,https://scontent-lhr8-1.cdninstagram.com/v/t51.2885-19/s150x150/161076101_444626643261731_932719215802256664_n.jpg?_nc_ht=scontent-lhr8-1.cdninstagram.com&_nc_ohc=e4gjieXjuA8AX_yng20&tn=9hblQtT8P0mMjutr&edm=AMrZAGUBAAAA&ccb=7-4&oh=2fa7478c65f8ed5573b142d9b8515573&oe=60F585AC&_nc_sid=9fb510,FALSE,2021-07-13T21:21:41.295Z,https://www.instagram.com/p/CQ8CRbajRhy/,
https://www.instagram.com/dr_sethi700,Meticulously hilarious ğŸ˜‚,0,0,dr_sethi700,2021-07-05T12:57:28.000Z,1.79061E+16,8078799384,https://scontent-lhr8-1.cdninstagram.com/v/t51.2885-19/s150x150/161076101_444626643261731_932719215802256664_n.jpg?_nc_ht=scontent-lhr8-1.cdninstagram.com&_nc_ohc=e4gjieXjuA8AX_yng20&tn=9hblQtT8P0mMjutr&edm=AMrZAGUBAAAA&ccb=7-4&oh=2fa7478c65f8ed5573b142d9b8515573&oe=60F585AC&_nc_sid=9fb510,FALSE,2021-07-13T21:21:41.295Z,https://www.instagram.com/p/CQ8CRbajRhy/,
https://www.instagram.com/dr.medicinerx,AhahahahahhağŸ˜‚ğŸ˜‚ğŸ˜‚,0,0,dr.medicinerx,2021-07-05T08:33:42.000Z,1.79131E+16,13924883041,https://scontent-lhr8-1.cdninstagram.com/v/t51.2885-19/s150x150/97521363_2846187542170542_8619756925053042688_n.jpg?_nc_ht=scontent-lhr8-1.cdninstagram.com&_nc_ohc=uCT7fKbKChMAX97UaOq&edm=AMrZAGUBAAAA&ccb=7-4&oh=6e93a4dbefd6f3afe910fe4ad0395cf6&oe=60F5CE33&_nc_sid=9fb510,FALSE,2021-07-13T21:21:41.295Z,https://www.instagram.com/p/CQ8CRbajRhy/,
https://www.instagram.com/inactive_kinase,"COVID problems require, social â€œgatheringâ€ solutions Sir. @the_boneteacher ğŸŒš",0,0,inactive_kinase,2021-07-05T08:27:43.000Z,1.78798E+16,4847024092,https://scontent-lhr8-1.cdninstagram.com/v/t51.2885-19/s150x150/210401805_3746940245410035_7194791680727105367_n.jpg?_nc_ht=scontent-lhr8-1.cdninstagram.com&_nc_ohc=XRHi3r_zcj8AX952u2H&tn=9hblQtT8P0mMjutr&edm=AMrZAGUBAAAA&ccb=7-4&oh=8247d77024c5d819f5ec76e2b0223325&oe=60F3F7A1&_nc_sid=9fb510,FALSE,2021-07-13T21:21:41.295Z,https://www.instagram.com/p/CQ8CRbajRhy/,
https://www.instagram.com/pratyush_ghadia_,ğŸ˜‚ğŸ˜‚ğŸ˜‚ğŸ˜‚,1,0,pratyush_ghadia_,2021-07-05T08:09:34.000Z,1.79327E+16,32349377125,https://scontent-lhr8-1.cdninstagram.com/v/t51.2885-19/s150x150/214432828_318549369968388_1608366037018311240_n.jpg?_nc_ht=scontent-lhr8-1.cdninstagram.com&_nc_ohc=Jw4Z1I1ajyoAX9BM637&edm=AMrZAGUBAAAA&ccb=7-4&oh=887c7fb7774321e720127c537617f77e&oe=60F4B8F7&_nc_sid=9fb510,FALSE,2021-07-13T21:21:41.295Z,https://www.instagram.com/p/CQ8CRbajRhy/,
https://www.instagram.com/theheart_reviver,"UAE is fully vaccinated yet there is a  surge in cases, recently heard from one of my loved ones who is in Dubai that the whole family is positive  and Delta is emerging there, USA president was so out of world after vaccination, he started encouraging ppl to take off the mask and WHO stood with it knowingly or unknowingly.",0,0,theheart_reviver,2021-07-05T14:32:41.000Z,1.80057E+16,39043787963,https://scontent-lhr8-1.cdninstagram.com/v/t51.2885-19/s150x150/210603351_549442056408160_6663859537281783412_n.jpg?_nc_ht=scontent-lhr8-1.cdninstagram.com&_nc_ohc=kNk9500VXXEAX9n9LVT&edm=AMrZAGUBAAAA&ccb=7-4&oh=301e60a6275b38746848761dee35ae18&oe=60F496D0&_nc_sid=9fb510,FALSE,2021-07-13T21:21:41.295Z,https://www.instagram.com/p/CQ8CRbajRhy/,
https://www.instagram.com/dr.ayushaggarwal,BIG BRAIN MOMENT* ğŸ™Œ,0,0,dr.ayushaggarwal,2021-07-05T08:26:58.000Z,1.79406E+16,2365054709,https://scontent-lhr8-1.cdninstagram.com/v/t51.2885-19/s150x150/145364082_5371952419481863_5389164352078807565_n.jpg?_nc_ht=scontent-lhr8-1.cdninstagram.com&_nc_ohc=Y6mrX2ELwWYAX9O_g7v&edm=AMrZAGUBAAAA&ccb=7-4&oh=a6323f100e53f9f773d43e66ef309e03&oe=60F5145C&_nc_sid=9fb510,FALSE,2021-07-13T21:21:41.295Z,https://www.instagram.com/p/CQ8CRbajRhy/,
https://www.instagram.com/sahoosouravkumar,"Then it ll b called as ""wave series""ğŸ˜‚ğŸ˜‚",0,0,sahoosouravkumar,2021-07-05T09:19:04.000Z,1.79125E+16,3268620992,https://scontent-lhr8-1.cdninstagram.com/v/t51.2885-19/s150x150/69386610_493817034740137_4430810097890885632_n.jpg?_nc_ht=scontent-lhr8-1.cdninstagram.com&_nc_ohc=Pu1bIBEWUogAX8uTJuD&edm=AMrZAGUBAAAA&ccb=7-4&oh=094ee58b76858bd876a0a0e856ba70d6&oe=60F4E45D&_nc_sid=9fb510,FALSE,2021-07-13T21:21:41.295Z,https://www.instagram.com/p/CQ8CRbajRhy/,
https://www.instagram.com/rejitab,ğŸ˜‚ğŸ˜‚,0,0,rejitab,2021-07-07T07:52:10.000Z,1.78662E+16,42600331655,https://scontent-sin6-4.cdninstagram.com/v/t51.2885-19/44884218_345707102882519_2446069589734326272_n.jpg?_nc_ht=scontent-sin6-4.cdninstagram.com&_nc_cat=1&_nc_ohc=jEOOxTifyqcAX-k5zT6&edm=AJ9x6zYBAAAA&ccb=7-4&oh=2e56ac5c49f5770dd0eed994ccad46a6&oe=60F4374F&_nc_sid=cff2a4&ig_cache_key=YW5vbnltb3VzX3Byb2ZpbGVfcGlj.2-ccb7-4,FALSE,2021-07-13T21:21:41.295Z,https://www.instagram.com/p/CQ8CRbajRhy/,
https://www.instagram.com/carlossantanasoloman,ğŸ™ŒğŸ¼ ğ™‹ğ™¡ğ™šğ™–ğ™¨ğ™š ğ™›ğ™¤ğ™¡ğ™¡ğ™¤ğ™¬ ğ™¢ğ™š ğ™¤ğ™£ ğ™¢ğ™® ğ™–ğ™™ğ™«ğ™šğ™£ğ™©ğ™ªğ™§ğ™šğ™¨! ğŸ’«ğŸ’™ğŸ¾,0,0,carlossantanasoloman,2021-07-07T20:52:09.000Z,1.79136E+16,45412587891,https://scontent-lhr8-1.cdninstagram.com/v/t51.2885-19/s150x150/136150052_122012786413689_3718620648687725834_n.jpg?_nc_ht=scontent-lhr8-1.cdninstagram.com&_nc_ohc=0iky0Id5fh4AX-VKC4E&edm=AMrZAGUBAAAA&ccb=7-4&oh=0d97ae3df2723ada3bfa7682f996710f&oe=60F4EAF8&_nc_sid=9fb510,FALSE,2021-07-13T21:21:41.295Z,https://www.instagram.com/p/CQ8CRbajRhy/,
https://www.instagram.com/dr_bj_black,"This country deserves  more waves If they ain't going to follow basic thing like wearing mask ,Social distancing, getting vaccinated, it is hard for people to follow them . They only one thing blame doctors  if u free health care ask ur stupid gov to set up like Nhs health care setting shut this corporate if u want free means don't blame docs",2,0,dr_bj_black,2021-07-05T16:08:52.000Z,1.78656E+16,4922257426,https://scontent-lhr8-1.cdninstagram.com/v/t51.2885-19/s150x150/84223013_1085937381766840_4532261735138066432_n.jpg?_nc_ht=scontent-lhr8-1.cdninstagram.com&_nc_ohc=0Ge1H7XYdvUAX_8k4ZS&tn=9hblQtT8P0mMjutr&edm=AMrZAGUBAAAA&ccb=7-4&oh=093efd54c25782b1cd22c7baa6ba464b&oe=60F54943&_nc_sid=9fb510,FALSE,2021-07-13T21:21:41.591Z,https://www.instagram.com/p/CQ8CRbajRhy/,
https://www.instagram.com/fetchstuti,Good poke ğŸ’‰,2,1,fetchstuti,2021-07-04T12:11:53.000Z,1.7883E+16,8096061781,https://scontent-lhr8-1.cdninstagram.com/v/t51.2885-19/s150x150/210857959_177365974368155_3294469121310929144_n.jpg?_nc_ht=scontent-lhr8-1.cdninstagram.com&_nc_ohc=tjIKgndFsZ8AX-5NUTt&edm=AABBvjUBAAAA&ccb=7-4&oh=f16b8f49748dd5bb0ec4607bcd12c3f3&oe=60F4EF8B&_nc_sid=83d603,FALSE,2021-07-13T21:21:43.895Z,https://www.instagram.com/p/CQ53yEcD-Zo/,
https://www.instagram.com/dollyshah_official,@fetchstuti yea ğŸ˜…,1,,dollyshah_official,2021-07-04T12:12:39.000Z,1.78916E+16,1275304845,https://scontent-lhr8-1.cdninstagram.com/v/t51.2885-19/s150x150/200649821_529220811449924_3888017621665785101_n.jpg?_nc_ht=scontent-lhr8-1.cdninstagram.com&_nc_ohc=T-6So6xImy8AX_e_uB6&tn=9hblQtT8P0mMjutr&edm=AABBvjUBAAAA&ccb=7-4&oh=1817d0d60e79965724e53f1d40657a2b&oe=60F56061&_nc_sid=83d603,TRUE,2021-07-13T21:21:43.895Z,https://www.instagram.com/p/CQ53yEcD-Zo/,
https://www.instagram.com/sassynari_,ğŸ˜‚,1,0,sassynari_,2021-07-04T13:49:59.000Z,1.79696E+16,48425705292,https://scontent-lhr8-1.cdninstagram.com/v/t51.2885-19/s150x150/210544765_984934282347020_5577605690211693694_n.jpg?_nc_ht=scontent-lhr8-1.cdninstagram.com&_nc_ohc=vbgImHKBPvcAX8Zt44V&tn=9hblQtT8P0mMjutr&edm=AABBvjUBAAAA&ccb=7-4&oh=0ed3a467c8869f1d829061207628540e&oe=60F4E03B&_nc_sid=83d603,FALSE,2021-07-13T21:21:43.895Z,https://www.instagram.com/p/CQ53yEcD-Zo/,
https://www.instagram.com/vanxhiiii,"Hey babe, you look gorgeousâ¤ï¸",1,1,vanxhiiii,2021-07-04T15:58:26.000Z,1.79535E+16,5960748804,https://scontent-lhr8-1.cdninstagram.com/v/t51.2885-19/s150x150/209310616_278296800716496_6919518669869600475_n.jpg?_nc_ht=scontent-lhr8-1.cdninstagram.com&_nc_ohc=7etzeRYBHygAX8y8-_4&tn=9hblQtT8P0mMjutr&edm=AABBvjUBAAAA&ccb=7-4&oh=d7153df78febacb7436692694c1234d4&oe=60F4FE27&_nc_sid=83d603,FALSE,2021-07-13T21:21:43.895Z,https://www.instagram.com/p/CQ53yEcD-Zo/,
https://www.instagram.com/dollyshah_official,@vanxhiiii thank you â¤ï¸â¤ï¸â¤ï¸,0,,dollyshah_official,2021-07-04T15:58:39.000Z,1.79386E+16,1275304845,https://scontent-lhr8-1.cdninstagram.com/v/t51.2885-19/s150x150/200649821_529220811449924_3888017621665785101_n.jpg?_nc_ht=scontent-lhr8-1.cdninstagram.com&_nc_ohc=T-6So6xImy8AX_e_uB6&edm=AABBvjUBAAAA&ccb=7-4&oh=dd7ff471adc5c391094f790e277dea59&oe=60F56061&_nc_sid=83d603,TRUE,2021-07-13T21:21:43.895Z,https://www.instagram.com/p/CQ53yEcD-Zo/,
https://www.instagram.com/khandewal_ishika,LovelyğŸ˜,1,1,khandewal_ishika,2021-07-04T17:22:43.000Z,1.78804E+16,29390662719,https://scontent-lhr8-1.cdninstagram.com/v/t51.2885-19/s150x150/199658350_479489310011964_7605230181288627333_n.jpg?_nc_ht=scontent-lhr8-1.cdninstagram.com&_nc_ohc=2J08JSsGi_YAX-ldALS&edm=AABBvjUBAAAA&ccb=7-4&oh=3bc6b218e5acea11c32451b53abf7e4c&oe=60F49BAD&_nc_sid=83d603,FALSE,2021-07-13T21:21:43.895Z,https://www.instagram.com/p/CQ53yEcD-Zo/,
https://www.instagram.com/dollyshah_official,@khandewal_ishika thanksâ¤ï¸,1,,dollyshah_official,2021-07-05T12:24:22.000Z,1.79063E+16,1275304845,https://scontent-lhr8-1.cdninstagram.com/v/t51.2885-19/s150x150/200649821_529220811449924_3888017621665785101_n.jpg?_nc_ht=scontent-lhr8-1.cdninstagram.com&_nc_ohc=T-6So6xImy8AX_e_uB6&edm=AABBvjUBAAAA&ccb=7-4&oh=dd7ff471adc5c391094f790e277dea59&oe=60F56061&_nc_sid=83d603,TRUE,2021-07-13T21:21:43.895Z,https://www.instagram.com/p/CQ53yEcD-Zo/,
https://www.instagram.com/mishamomin,â¤ï¸â¤ï¸,1,0,mishamomin,2021-07-04T18:46:56.000Z,1.7915E+16,288317183,https://scontent-lhr8-1.cdninstagram.com/v/t51.2885-19/s150x150/200467520_1585072935024771_7404454137879072591_n.jpg?_nc_ht=scontent-lhr8-1.cdninstagram.com&_nc_ohc=XeQs00Y2VxoAX8rNL_A&edm=AABBvjUBAAAA&ccb=7-4&oh=50908ea4b7348f058a9c49bc8a70d05f&oe=60F5DEB9&_nc_sid=83d603,FALSE,2021-07-13T21:21:43.895Z,https://www.instagram.com/p/CQ53yEcD-Zo/,
https://www.instagram.com/carlossantanasoloman,ğŸ™ŒğŸ¼ ğ™‹ğ™¡ğ™šğ™–ğ™¨ğ™š ğ™›ğ™¤ğ™¡ğ™¡ğ™¤ğ™¬ ğ™¢ğ™š ğ™¤ğ™£ ğ™¢ğ™® ğ™–ğ™™ğ™«ğ™šğ™£ğ™©ğ™ªğ™§ğ™šğ™¨! ğŸ’«ğŸ’™ğŸ¾,0,0,carlossantanasoloman,2021-07-07T20:55:46.000Z,1.78732E+16,45412587891,https://scontent-lhr8-1.cdninstagram.com/v/t51.2885-19/s150x150/136150052_122012786413689_3718620648687725834_n.jpg?_nc_ht=scontent-lhr8-1.cdninstagram.com&_nc_ohc=0iky0Id5fh4AX-VKC4E&tn=9hblQtT8P0mMjutr&edm=AABBvjUBAAAA&ccb=7-4&oh=493425172e3bda167f8c3afdf124d69a&oe=60F4EAF8&_nc_sid=83d603,FALSE,2021-07-13T21:21:43.895Z,https://www.instagram.com/p/CQ53yEcD-Zo/,
https://www.instagram.com/saleemahmed969,Eid bhi aane waali ğŸ˜‚,0,2,saleemahmed969,2021-07-11T19:10:18.000Z,1.79449E+16,45249353176,https://scontent-lhr8-1.cdninstagram.com/v/t51.2885-19/s150x150/177026914_482230103196887_4408128072031703656_n.jpg?_nc_ht=scontent-lhr8-1.cdninstagram.com&_nc_ohc=oM7lDHIuvfYAX8Xyz9u&edm=AABBvjUBAAAA&ccb=7-4&oh=431dc59b8daafb849eb7a6e0bfb7264f&oe=60F480E8&_nc_sid=83d603,FALSE,2021-07-13T21:21:45.543Z,https://www.instagram.com/p/CRMrTllH8ew/,
https://www.instagram.com/akshay_akki_abm,@saleemahmed969 are ha Ganesh Chaturthi sab festival suru ho jaye gay ğŸ˜‚ğŸ˜‚ğŸ˜‚ fir aye ga na maja,0,,akshay_akki_abm,2021-07-11T19:31:10.000Z,1.81615E+16,4314057076,https://scontent-lhr8-1.cdninstagram.com/v/t51.2885-19/s150x150/179216736_1006317993238329_513063344631589818_n.jpg?_nc_ht=scontent-lhr8-1.cdninstagram.com&_nc_ohc=egNt1n29inEAX_XElo9&edm=AABBvjUBAAAA&ccb=7-4&oh=44e73d1e362720633ced3d1bde73ff8e&oe=60F5D848&_nc_sid=83d603,TRUE,2021-07-13T21:21:45.543Z,https://www.instagram.com/p/CRMrTllH8ew/,
https://www.instagram.com/call_me_aj47,@akshay_akki_abm je baat to dono ki sahi hai  fir saarein media waale religion k naam pr corona ki news bhi to batayenge trp badegi bhakton k dekhne se,1,,call_me_aj47,2021-07-13T04:26:22.000Z,1.78951E+16,704599309,https://scontent-lhr8-1.cdninstagram.com/v/t51.2885-19/s150x150/206001007_220163363279379_4301248831273929413_n.jpg?_nc_ht=scontent-lhr8-1.cdninstagram.com&_nc_ohc=A-lDneufwnQAX_SnbBm&edm=AABBvjUBAAAA&ccb=7-4&oh=61042a10bcf9b55a711ab2483cba4e08&oe=60F46875&_nc_sid=83d603,TRUE,2021-07-13T21:21:45.543Z,https://www.instagram.com/p/CRMrTllH8ew/,
https://www.instagram.com/akshay_akki_abm,Koi nhi dekh raha haiğŸ˜®ğŸ˜®,0,0,akshay_akki_abm,2021-07-11T19:29:02.000Z,1.78923E+16,4314057076,https://scontent-lhr8-1.cdninstagram.com/v/t51.2885-19/s150x150/179216736_1006317993238329_513063344631589818_n.jpg?_nc_ht=scontent-lhr8-1.cdninstagram.com&_nc_ohc=egNt1n29inEAX_XElo9&edm=AABBvjUBAAAA&ccb=7-4&oh=44e73d1e362720633ced3d1bde73ff8e&oe=60F5D848&_nc_sid=83d603,FALSE,2021-07-13T21:21:45.543Z,https://www.instagram.com/p/CRMrTllH8ew/,
https://www.instagram.com/i_am_ankit_gusain,Yeah swag of modiji..ğŸ˜‚ 3rd wave of covid bas chutiye ki tarah bell hi bjaata reh jaaeiga...door to khulne se rhaa...swag se side se nikl liye..akalmandi..ğŸ˜‚,1,0,i_am_ankit_gusain,2021-07-12T05:12:36.000Z,1.80919E+16,3004997701,https://scontent-lhr8-1.cdninstagram.com/v/t51.2885-19/s150x150/193610611_145999117577571_2821665698967540058_n.jpg?_nc_ht=scontent-lhr8-1.cdninstagram.com&_nc_ohc=h40aAvdW7HQAX8AE72z&edm=AABBvjUBAAAA&ccb=7-4&oh=9ed3da653f8bd0f926c6c25d88639af6&oe=60F5C3B0&_nc_sid=83d603,FALSE,2021-07-13T21:21:45.543Z,https://www.instagram.com/p/CRMrTllH8ew/,
https://www.instagram.com/attiyafatma1234,ğŸ”¥,1,0,attiyafatma1234,2021-07-06T16:04:01.000Z,1.79519E+16,8366940273,https://scontent-lhr8-1.cdninstagram.com/v/t51.2885-19/s150x150/212711069_370209824493543_8850858077567695059_n.jpg?_nc_ht=scontent-lhr8-1.cdninstagram.com&_nc_ohc=fO4QrkUA6XAAX8_K712&tn=9hblQtT8P0mMjutr&edm=AABBvjUBAAAA&ccb=7-4&oh=6bf1f9769c7f883dedb0372581f87848&oe=60F5B70A&_nc_sid=83d603,FALSE,2021-07-13T21:21:47.132Z,https://www.instagram.com/p/CQ_d2JSoaDu/,
https://www.instagram.com/shes_ayyan,ğŸ˜‚ğŸ˜‚,0,0,shes_ayyan,2021-07-06T16:32:33.000Z,1.8138E+16,48195753124,https://scontent-lhr8-1.cdninstagram.com/v/t51.2885-19/s150x150/204011488_495966588334224_266953467657686734_n.jpg?_nc_ht=scontent-lhr8-1.cdninstagram.com&_nc_ohc=Kh_fbd4TrOUAX8EVtcK&edm=AABBvjUBAAAA&ccb=7-4&oh=e965e86d73a2874fcce9daf63c00f261&oe=60F5B1F8&_nc_sid=83d603,FALSE,2021-07-13T21:21:47.132Z,https://www.instagram.com/p/CQ_d2JSoaDu/,
https://www.instagram.com/armeen_zehra_,@naina__abbasi safa tunji copy ti lagai istg ğŸ¥µ,0,7,armeen_zehra_,2021-07-06T20:20:29.000Z,1.79048E+16,37868618293,https://scontent-lhr8-1.cdninstagram.com/v/t51.2885-19/s150x150/211280225_348175280220665_1499240563905927920_n.jpg?_nc_ht=scontent-lhr8-1.cdninstagram.com&_nc_ohc=tMEZz05rXpwAX-Txu-h&edm=AABBvjUBAAAA&ccb=7-4&oh=0a22ba1d4327663f8961acf51a9b49fc&oe=60F5E527&_nc_sid=83d603,FALSE,2021-07-13T21:21:47.132Z,https://www.instagram.com/p/CQ_d2JSoaDu/,
https://www.instagram.com/naina__abbasi,@armeen_zehra_ tum ho,1,,naina__abbasi,2021-07-07T12:35:42.000Z,1.78916E+16,47314344703,https://scontent-lhr8-1.cdninstagram.com/v/t51.2885-19/s150x150/199320873_580853009985449_1074990644817382352_n.jpg?_nc_ht=scontent-lhr8-1.cdninstagram.com&_nc_ohc=rRAsv2lI3hoAX-i7uvE&edm=AABBvjUBAAAA&ccb=7-4&oh=8e5aaf73a36dda0f8d3f6c50e89e1867&oe=60F4FC88&_nc_sid=83d603,TRUE,2021-07-13T21:21:47.132Z,https://www.instagram.com/p/CQ_d2JSoaDu/,
https://www.instagram.com/armeen_zehra_,@naina__abbasi ok boss I can't argue with youğŸ™Œ,0,,armeen_zehra_,2021-07-07T12:37:10.000Z,1.78849E+16,37868618293,https://scontent-lhr8-1.cdninstagram.com/v/t51.2885-19/s150x150/211280225_348175280220665_1499240563905927920_n.jpg?_nc_ht=scontent-lhr8-1.cdninstagram.com&_nc_ohc=tMEZz05rXpwAX-Txu-h&edm=AABBvjUBAAAA&ccb=7-4&oh=0a22ba1d4327663f8961acf51a9b49fc&oe=60F5E527&_nc_sid=83d603,TRUE,2021-07-13T21:21:47.132Z,https://www.instagram.com/p/CQ_d2JSoaDu/,
https://www.instagram.com/naina__abbasi,@armeen_zehra_ yes u cant,1,,naina__abbasi,2021-07-07T12:39:52.000Z,1.79045E+16,47314344703,https://scontent-lhr8-1.cdninstagram.com/v/t51.2885-19/s150x150/199320873_580853009985449_1074990644817382352_n.jpg?_nc_ht=scontent-lhr8-1.cdninstagram.com&_nc_ohc=rRAsv2lI3hoAX-i7uvE&tn=9hblQtT8P0mMjutr&edm=AABBvjUBAAAA&ccb=7-4&oh=ad4356dfc97c3a0dc9be60dc6a497bc2&oe=60F4FC88&_nc_sid=83d603,TRUE,2021-07-13T21:21:47.132Z,https://www.instagram.com/p/CQ_d2JSoaDu/,
https://www.instagram.com/thespeechlesswrites,@emaantousif  krun Dua phir?ğŸ˜®,0,0,thespeechlesswrites,2021-07-08T00:42:52.000Z,1.79152E+16,27885265068,https://scontent-lhr8-1.cdninstagram.com/v/t51.2885-19/s150x150/123929986_714834399140063_8673178855091112226_n.jpg?_nc_ht=scontent-lhr8-1.cdninstagram.com&_nc_ohc=RbiJ8E6t078AX8NntcD&tn=9hblQtT8P0mMjutr&edm=AABBvjUBAAAA&ccb=7-4&oh=bb75f38da0e4ea59297d4d03d5eda7b1&oe=60F5EA75&_nc_sid=83d603,FALSE,2021-07-13T21:21:47.132Z,https://www.instagram.com/p/CQ_d2JSoaDu/,
https://www.instagram.com/rimzajabeen,@malaikaa_2 thank god youâ€™re fine now,0,0,rimzajabeen,2021-07-06T22:10:42.000Z,1.78846E+16,1584936119,https://scontent-lhr8-1.cdninstagram.com/v/t51.2885-19/s150x150/201209964_1489247694749066_3361157687244410487_n.jpg?_nc_ht=scontent-lhr8-1.cdninstagram.com&_nc_ohc=Ht3rUajWk4sAX9Lk75l&edm=AABBvjUBAAAA&ccb=7-4&oh=d2a6467e72ac8829ce2615b91dccc11b&oe=60F490E6&_nc_sid=83d603,FALSE,2021-07-13T21:21:47.132Z,https://www.instagram.com/p/CQ_d2JSoaDu/,
https://www.instagram.com/sherboy1234,Dm @marvin_tamale for shoutout,0,0,sherboy1234,2021-06-30T13:40:17.000Z,1.7894E+16,32239143745,https://scontent.cdninstagram.com/v/t51.2885-19/44884218_345707102882519_2446069589734326272_n.jpg?_nc_ht=scontent.cdninstagram.com&_nc_ohc=jEOOxTifyqcAX_ENUsC&edm=ADhqoCcAAAAA&ccb=7-4&oh=b7306ade273a8d13a26d87baa772e406&oe=60F4374F&_nc_sid=9e25fe&ig_cache_key=YW5vbnltb3VzX3Byb2ZpbGVfcGlj.2-ccb7-4,FALSE,2021-07-13T21:21:49.547Z,https://www.instagram.com/p/CQvw6xbpq3z/,
https://www.instagram.com/vasil.sinani.90,Angela Merkel has gathered all the ignorant idiots and Mafiosi and is leading this Europe that has sunk it and is sinking it for days ğŸ‘ˆğŸ˜’ğŸ˜’ğŸ‘ŒğŸ‘ğŸ‘ğŸ‘ğŸ™ˆ,0,0,vasil.sinani.90,2021-06-30T14:49:53.000Z,1.79222E+16,15912843823,https://scontent-lhr8-1.cdninstagram.com/v/t51.2885-19/s150x150/138943221_730789530881817_6652153589094503088_n.jpg?_nc_ht=scontent-lhr8-1.cdninstagram.com&_nc_ohc=8ab5EcCXZsoAX9y_zN7&edm=AABBvjUBAAAA&ccb=7-4&oh=01385f5a544c620c81d46554e71297de&oe=60F43D8C&_nc_sid=83d603,FALSE,2021-07-13T21:21:49.547Z,https://www.instagram.com/p/CQvw6xbpq3z/,
,,,,,,,,,,2021-07-13T21:21:51.197Z,https://www.instagram.com/p/CQ5Lbi_Bqck/,No comments found
https://www.instagram.com/rish.ikumar509,Luv u bro,0,0,rish.ikumar509,2021-07-10T03:46:30.000Z,1.79031E+16,48725234526,https://instagram.fiev6-1.fna.fbcdn.net/v/t51.2885-19/44884218_345707102882519_2446069589734326272_n.jpg?_nc_ht=instagram.fiev6-1.fna.fbcdn.net&_nc_ohc=jEOOxTifyqcAX8xzP26&edm=AJ9x6zYBAAAA&ccb=7-4&oh=66e80be1b31f8a60b85f65ddcbeef655&oe=60F4374F&_nc_sid=cff2a4&ig_cache_key=YW5vbnltb3VzX3Byb2ZpbGVfcGlj.2-ccb7-4,FALSE,2021-07-13T21:21:52.386Z,https://www.instagram.com/p/CRGYL21s7Wt/,
https://www.instagram.com/leelakrishna_reddy,@abhay_joshi1285 ğŸ˜‚ğŸ˜‚,0,1,leelakrishna_reddy,2021-07-12T15:26:12.000Z,1.82375E+16,5726561461,https://scontent-lhr8-1.cdninstagram.com/v/t51.2885-19/s150x150/212695316_324433866044821_3454793390727089628_n.jpg?_nc_ht=scontent-lhr8-1.cdninstagram.com&_nc_ohc=YEUeeLQ7ArQAX96nTes&edm=AABBvjUBAAAA&ccb=7-4&oh=a1bf3f2384fc04a91f1b488bb98d4d99&oe=60F5E561&_nc_sid=83d603,FALSE,2021-07-13T21:21:52.386Z,https://www.instagram.com/p/CRGYL21s7Wt/,
https://www.instagram.com/abhay_joshi1285,@leelakrishna_reddy Miss those days ğŸ˜‚,0,,abhay_joshi1285,2021-07-13T12:53:23.000Z,1.78861E+16,4101215964,https://scontent-lhr8-1.cdninstagram.com/v/t51.2885-19/s150x150/196243250_165639312186501_6338192887649695488_n.jpg?_nc_ht=scontent-lhr8-1.cdninstagram.com&_nc_ohc=mjX6gIo2EEkAX_h5SZq&tn=9hblQtT8P0mMjutr&edm=AABBvjUBAAAA&ccb=7-4&oh=528c673c01923a4bf2c2d99c01f6369d&oe=60F414C8&_nc_sid=83d603,TRUE,2021-07-13T21:21:52.386Z,https://www.instagram.com/p/CRGYL21s7Wt/,
https://www.instagram.com/the.ranting.gola,Istemal toh nahi karna hai lekin Vishwas hai (Kuch nahi hoga),12,1,the.ranting.gola,2021-07-05T18:12:49.000Z,1.79753E+16,36837711917,https://scontent-lhr8-1.cdninstagram.com/v/t51.2885-19/s150x150/131432432_391090035461957_5784149334655184083_n.jpg?_nc_ht=scontent-lhr8-1.cdninstagram.com&_nc_ohc=tPLnMVIbwVQAX-PHnEU&edm=AMrZAGUBAAAA&ccb=7-4&oh=736e60107401ebfe995fc84f2af0eb08&oe=60F51FE8&_nc_sid=9fb510,FALSE,2021-07-13T21:21:54.553Z,https://www.instagram.com/p/CQ9FY4cNFJb/,
https://www.instagram.com/thenitinwalke,@the.ranting.gola Aunty-National,5,,thenitinwalke,2021-07-05T18:22:06.000Z,1.79218E+16,1728029005,https://scontent-lhr8-1.cdninstagram.com/v/t51.2885-19/s150x150/118121784_334159837965617_7574402005758355046_n.jpg?_nc_ht=scontent-lhr8-1.cdninstagram.com&_nc_ohc=EajIeY6w0SsAX_3x38Y&edm=AMrZAGUBAAAA&ccb=7-4&oh=cf00dee03a7d42eac7df0adbbe72bb08&oe=60F57232&_nc_sid=9fb510,TRUE,2021-07-13T21:21:54.553Z,https://www.instagram.com/p/CQ9FY4cNFJb/,
https://www.instagram.com/gmclothing89,You deserve this ğŸ¥„  because you make kongrss proud.ğŸ‘,4,2,gmclothing89,2021-07-07T15:59:11.000Z,1.79177E+16,5355700914,https://scontent-lhr8-1.cdninstagram.com/v/t51.2885-19/s150x150/173878882_481570393157112_912520879603769333_n.jpg?_nc_ht=scontent-lhr8-1.cdninstagram.com&_nc_ohc=LjEEWtUzZxQAX8fPA1t&edm=AMrZAGUBAAAA&ccb=7-4&oh=c81ef196f803f8413bddb22aad18e80f&oe=60F40462&_nc_sid=9fb510,FALSE,2021-07-13T21:21:54.553Z,https://www.instagram.com/p/CQ9FY4cNFJb/,
https://www.instagram.com/thenitinwalke,@gmclothing89 congress chor party hai bhaai,1,,thenitinwalke,2021-07-07T16:06:08.000Z,1.8135E+16,1728029005,https://scontent-lhr8-1.cdninstagram.com/v/t51.2885-19/s150x150/118121784_334159837965617_7574402005758355046_n.jpg?_nc_ht=scontent-lhr8-1.cdninstagram.com&_nc_ohc=EajIeY6w0SsAX_3x38Y&tn=9hblQtT8P0mMjutr&edm=AMrZAGUBAAAA&ccb=7-4&oh=c7dfe6d200e7d5d40c4f9e96e06b6422&oe=60F57232&_nc_sid=9fb510,TRUE,2021-07-13T21:21:54.553Z,https://www.instagram.com/p/CQ9FY4cNFJb/,
https://www.instagram.com/veda_221b,@gmclothing89 Kuch bhi matlab ğŸ˜‚,0,,veda_221b,2021-07-09T17:51:50.000Z,1.79052E+16,1778390968,https://instagram.fbog15-1.fna.fbcdn.net/v/t51.2885-19/44884218_345707102882519_2446069589734326272_n.jpg?_nc_ht=instagram.fbog15-1.fna.fbcdn.net&_nc_ohc=jEOOxTifyqcAX8Mwmc8&edm=AJ9x6zYBAAAA&ccb=7-4&oh=f717d213918d892391a6c9107254fa6a&oe=60F4374F&_nc_sid=cff2a4&ig_cache_key=YW5vbnltb3VzX3Byb2ZpbGVfcGlj.2-ccb7-4,TRUE,2021-07-13T21:21:54.553Z,https://www.instagram.com/p/CQ9FY4cNFJb/,
https://www.instagram.com/cowmicprats,"U mean Covishield is copy of Cowmutra, right?",1,5,cowmicprats,2021-07-05T18:27:46.000Z,1.79212E+16,38527296966,https://scontent-lhr8-1.cdninstagram.com/v/t51.2885-19/s150x150/139169029_192672332588064_5311636232452236056_n.jpg?_nc_ht=scontent-lhr8-1.cdninstagram.com&_nc_ohc=NYc1K7nQ0uQAX_k37fo&tn=9hblQtT8P0mMjutr&edm=AMrZAGUBAAAA&ccb=7-4&oh=185059f547181b2e409a80b7fb551f1f&oe=60F4009B&_nc_sid=9fb510,FALSE,2021-07-13T21:21:54.553Z,https://www.instagram.com/p/CQ9FY4cNFJb/,
https://www.instagram.com/thenitinwalke,@cowmicprats ğŸ¤­,1,,thenitinwalke,2021-07-06T07:04:25.000Z,1.79691E+16,1728029005,https://scontent-lhr8-1.cdninstagram.com/v/t51.2885-19/s150x150/118121784_334159837965617_7574402005758355046_n.jpg?_nc_ht=scontent-lhr8-1.cdninstagram.com&_nc_ohc=EajIeY6w0SsAX_3x38Y&edm=AMrZAGUBAAAA&ccb=7-4&oh=cf00dee03a7d42eac7df0adbbe72bb08&oe=60F57232&_nc_sid=9fb510,TRUE,2021-07-13T21:21:54.553Z,https://www.instagram.com/p/CQ9FY4cNFJb/,
https://www.instagram.com/thenitinwalke,@cowmicprats ğŸ‘€ğŸ˜†ğŸ‘€,1,,thenitinwalke,2021-07-06T07:04:39.000Z,1.79046E+16,1728029005,https://scontent-lhr8-1.cdninstagram.com/v/t51.2885-19/s150x150/118121784_334159837965617_7574402005758355046_n.jpg?_nc_ht=scontent-lhr8-1.cdninstagram.com&_nc_ohc=EajIeY6w0SsAX_3x38Y&tn=9hblQtT8P0mMjutr&edm=AMrZAGUBAAAA&ccb=7-4&oh=c7dfe6d200e7d5d40c4f9e96e06b6422&oe=60F57232&_nc_sid=9fb510,TRUE,2021-07-13T21:21:54.553Z,https://www.instagram.com/p/CQ9FY4cNFJb/,
https://www.instagram.com/ashrujagansamanta,"@cowmicprats Aaj kal cow urine ,ram mandir ke bina kucch joke banta hi nai...hai na ğŸ¤¨",1,,ashrujagansamanta,2021-07-08T20:37:13.000Z,1.79649E+16,11632551913,https://scontent-lhr8-1.cdninstagram.com/v/t51.2885-19/s150x150/139603929_138568964661996_7803883500023831576_n.jpg?_nc_ht=scontent-lhr8-1.cdninstagram.com&_nc_ohc=S1XbcajrHDwAX84mDOH&tn=9hblQtT8P0mMjutr&edm=AMrZAGUBAAAA&ccb=7-4&oh=c8f1e34a175b867773e28f3f2c40b9e9&oe=60F4F548&_nc_sid=9fb510,TRUE,2021-07-13T21:21:54.553Z,https://www.instagram.com/p/CQ9FY4cNFJb/,
https://www.instagram.com/rwtpriya261,Is bosdiwale ka to naam b mt le dena chutiya bnata h duniya ko,3,0,rwtpriya261,2021-07-05T17:52:18.000Z,1.78903E+16,31263057866,https://scontent-lhr8-1.cdninstagram.com/v/t51.2885-19/s150x150/176486177_293442408853280_8516895465346391080_n.jpg?_nc_ht=scontent-lhr8-1.cdninstagram.com&_nc_ohc=WSHR7UFi5zQAX_TzcnY&edm=AMrZAGUBAAAA&ccb=7-4&oh=a13bf8baa7d2d50cacfe8eab48e93787&oe=60F526A5&_nc_sid=9fb510,FALSE,2021-07-13T21:21:54.553Z,https://www.instagram.com/p/CQ9FY4cNFJb/,
https://www.instagram.com/sharkjacore_13_plus3,ğŸ˜‚ğŸ˜‚,1,0,sharkjacore_13_plus3,2021-07-05T17:50:02.000Z,1.78751E+16,12005681034,https://scontent-lhr8-1.cdninstagram.com/v/t51.2885-19/s150x150/52624238_2321253684574402_8594923991083253760_n.jpg?_nc_ht=scontent-lhr8-1.cdninstagram.com&_nc_ohc=rmJu0hl4jdkAX-F5pIr&edm=AMrZAGUBAAAA&ccb=7-4&oh=f2962780b75a3c4decf2a32cd1a47734&oe=60F553E1&_nc_sid=9fb510,FALSE,2021-07-13T21:21:54.553Z,https://www.instagram.com/p/CQ9FY4cNFJb/,
https://www.instagram.com/ashrujagansamanta,Cheap copy kehke mazak mat banao yaar...ayush MINISTRY se approved hai...vaccine sure needed but coronil really boosts immunity ğŸ˜Œ,1,0,ashrujagansamanta,2021-07-08T20:34:18.000Z,1.78855E+16,11632551913,https://scontent-lhr8-1.cdninstagram.com/v/t51.2885-19/s150x150/139603929_138568964661996_7803883500023831576_n.jpg?_nc_ht=scontent-lhr8-1.cdninstagram.com&_nc_ohc=S1XbcajrHDwAX84mDOH&edm=AMrZAGUBAAAA&ccb=7-4&oh=f8ff5f30027212f005d54079ae97f8e6&oe=60F4F548&_nc_sid=9fb510,FALSE,2021-07-13T21:21:54.553Z,https://www.instagram.com/p/CQ9FY4cNFJb/,
https://www.instagram.com/shatakshi2233,worst meme i saw today,1,0,shatakshi2233,2021-07-06T14:57:40.000Z,1.79021E+16,46686366624,https://scontent-lhr8-1.cdninstagram.com/v/t51.2885-19/s150x150/201112230_169983731806852_7424314427871668972_n.jpg?_nc_ht=scontent-lhr8-1.cdninstagram.com&_nc_ohc=gMSjlRNVi6UAX8sW5xE&edm=AMrZAGUBAAAA&ccb=7-4&oh=c41a90176a0b4afba32d902aa525eae4&oe=60F573C2&_nc_sid=9fb510,FALSE,2021-07-13T21:21:54.553Z,https://www.instagram.com/p/CQ9FY4cNFJb/,
https://www.instagram.com/man_youcantreach,"To be honest it worked for my family members as they cured having this.
But iska jo nose drop h bc naak ke baal jala deta h",1,0,man_youcantreach,2021-07-06T18:09:44.000Z,1.78795E+16,46414215653,https://scontent-lhr8-1.cdninstagram.com/v/t51.2885-19/s150x150/210813407_617848089193061_8402600829154539092_n.jpg?_nc_ht=scontent-lhr8-1.cdninstagram.com&_nc_ohc=n-laH03_Ca4AX9mKLw3&tn=9hblQtT8P0mMjutr&edm=AMrZAGUBAAAA&ccb=7-4&oh=59374d60839fb1bc98edd0e12b07dd2e&oe=60F5C680&_nc_sid=9fb510,FALSE,2021-07-13T21:21:54.553Z,https://www.instagram.com/p/CQ9FY4cNFJb/,
https://www.instagram.com/sohail_ahmed_07,You Anti National Admin,1,4,sohail_ahmed_07,2021-07-05T19:01:32.000Z,1.81891E+16,2294737493,https://scontent-lhr8-1.cdninstagram.com/v/t51.2885-19/s150x150/208821606_325195395940281_5911463396687634736_n.jpg?_nc_ht=scontent-lhr8-1.cdninstagram.com&_nc_ohc=yevPK-bF39YAX8zCE_C&tn=9hblQtT8P0mMjutr&edm=AMrZAGUBAAAA&ccb=7-4&oh=d0c27814e04dbf2fde2780c99a84f7d0&oe=60F55548&_nc_sid=9fb510,FALSE,2021-07-13T21:21:54.553Z,https://www.instagram.com/p/CQ9FY4cNFJb/,
https://www.instagram.com/sohail_ahmed_07,"@nagotravikas No No Owaisi Also Anti National, Only Mudi G And His Bhakts Nationalist",0,,sohail_ahmed_07,2021-07-05T19:44:09.000Z,1.79094E+16,2294737493,https://scontent-lhr8-1.cdninstagram.com/v/t51.2885-19/s150x150/208821606_325195395940281_5911463396687634736_n.jpg?_nc_ht=scontent-lhr8-1.cdninstagram.com&_nc_ohc=yevPK-bF39YAX8zCE_C&edm=AMrZAGUBAAAA&ccb=7-4&oh=c5da89e579de05e5b71cf6c021c295e5&oe=60F55548&_nc_sid=9fb510,TRUE,2021-07-13T21:21:54.553Z,https://www.instagram.com/p/CQ9FY4cNFJb/,
https://www.instagram.com/nagotravikas,@sohail_ahmed_07 owaisi also always think about only musalman,1,,nagotravikas,2021-07-05T19:45:25.000Z,1.78945E+16,6904756456,https://scontent-lhr8-1.cdninstagram.com/v/t51.2885-19/s150x150/134117259_405764770693996_5584656121442587002_n.jpg?_nc_ht=scontent-lhr8-1.cdninstagram.com&_nc_ohc=sFanoBX9odoAX8b80yY&tn=9hblQtT8P0mMjutr&edm=AMrZAGUBAAAA&ccb=7-4&oh=4619425ae116d98ddfc922954b4f75ef&oe=60F4A2E1&_nc_sid=9fb510,TRUE,2021-07-13T21:21:54.553Z,https://www.instagram.com/p/CQ9FY4cNFJb/,
https://www.instagram.com/sohail_ahmed_07,"@nagotravikas Nhi BroğŸ˜‚, Tum Shayad Nahi Jante",0,,sohail_ahmed_07,2021-07-05T19:46:08.000Z,1.81343E+16,2294737493,https://scontent-lhr8-1.cdninstagram.com/v/t51.2885-19/s150x150/208821606_325195395940281_5911463396687634736_n.jpg?_nc_ht=scontent-lhr8-1.cdninstagram.com&_nc_ohc=yevPK-bF39YAX8zCE_C&tn=9hblQtT8P0mMjutr&edm=AMrZAGUBAAAA&ccb=7-4&oh=d0c27814e04dbf2fde2780c99a84f7d0&oe=60F55548&_nc_sid=9fb510,TRUE,2021-07-13T21:21:54.553Z,https://www.instagram.com/p/CQ9FY4cNFJb/,
https://www.instagram.com/hadnothing,Aur Kitna unfunny karoge? ğŸ˜©ğŸ˜©,0,0,hadnothing,2021-07-05T23:57:23.000Z,1.78754E+16,8602227576,https://scontent-lhr8-1.cdninstagram.com/v/t51.2885-19/s150x150/146220547_429394171667856_1305752293889340738_n.jpg?_nc_ht=scontent-lhr8-1.cdninstagram.com&_nc_ohc=TXS5dAi9cAoAX-sIAHO&edm=AMrZAGUBAAAA&ccb=7-4&oh=3d067a26630e1710d05c68485fd97533&oe=60F51A34&_nc_sid=9fb510,FALSE,2021-07-13T21:21:54.553Z,https://www.instagram.com/p/CQ9FY4cNFJb/,
https://www.instagram.com/exhausteddsoull,You won this trend ğŸ‘ğŸ”¥,0,0,exhausteddsoull,2021-07-05T19:13:25.000Z,1.78984E+16,5831737579,https://scontent-lhr8-1.cdninstagram.com/v/t51.2885-19/s150x150/211444303_211838787488940_6467703858634650533_n.jpg?_nc_ht=scontent-lhr8-1.cdninstagram.com&_nc_ohc=VwnGqbQDrTUAX9yfEEH&edm=AMrZAGUBAAAA&ccb=7-4&oh=b48f5404f3b39afd76d3917c64b7bfd1&oe=60F4884E&_nc_sid=9fb510,FALSE,2021-07-13T21:21:54.553Z,https://www.instagram.com/p/CQ9FY4cNFJb/,
https://www.instagram.com/banwer_abhishek_singh_som,Baba OpğŸ˜‚ğŸ˜‚,0,0,banwer_abhishek_singh_som,2021-07-06T10:18:29.000Z,1.78984E+16,5704985080,https://scontent-lhr8-1.cdninstagram.com/v/t51.2885-19/s150x150/118255662_2670736049807844_493357872089863097_n.jpg?_nc_ht=scontent-lhr8-1.cdninstagram.com&_nc_ohc=S3EHewZoeVkAX_oyGqH&edm=AMrZAGUBAAAA&ccb=7-4&oh=0369b7207944d2527022c764cf0f855c&oe=60F41307&_nc_sid=9fb510,FALSE,2021-07-13T21:21:54.553Z,https://www.instagram.com/p/CQ9FY4cNFJb/,
https://www.instagram.com/the_himalayan_clicker,Oh bhai...i have used it...covid positive tha m.... Believe me...there is nothing better then coronil to boost your immunity...,0,0,the_himalayan_clicker,2021-07-11T09:10:21.000Z,1.81592E+16,5380883684,https://scontent-lhr8-1.cdninstagram.com/v/t51.2885-19/s150x150/67793651_505710526668745_4085475339810111488_n.jpg?_nc_ht=scontent-lhr8-1.cdninstagram.com&_nc_ohc=R4jmjllEgegAX8t4YpF&tn=9hblQtT8P0mMjutr&edm=AMrZAGUBAAAA&ccb=7-4&oh=6edd327d581cd04cf78bbdf3dc328114&oe=60F506A5&_nc_sid=9fb510,FALSE,2021-07-13T21:21:54.553Z,https://www.instagram.com/p/CQ9FY4cNFJb/,
https://www.instagram.com/specific_soul,ğŸ˜‚ğŸ˜‚ ğŸ”¥ğŸ”¥ğŸ”¥@thenitinwalke  Aag lagaa di ..aagğŸ˜‚,1,0,specific_soul,2021-07-05T18:00:10.000Z,1.80917E+16,11403349180,https://scontent-lhr8-1.cdninstagram.com/v/t51.2885-19/s150x150/209407710_244743810399156_3876721532737656362_n.jpg?_nc_ht=scontent-lhr8-1.cdninstagram.com&_nc_ohc=IX4dDf-L9gQAX_WVQRd&edm=AMrZAGUBAAAA&ccb=7-4&oh=309f7d0bb9949801f10098327085010b&oe=60F55E23&_nc_sid=9fb510,FALSE,2021-07-13T21:21:54.553Z,https://www.instagram.com/p/CQ9FY4cNFJb/,
https://www.instagram.com/harsh_mahajan_09,"Promising results from â¦
@yogrishiramdev
â€™s Patanjali Research. Withanone, the active molecule from Ashwagandha disrupts (in vitro) SARS Spike - Human ACE2 interaction.
Frantic worldwide research being pursued on Withanone and Withaferin from Ashwagandha.  But ispe thodi na koi charcha karega.",0,0,harsh_mahajan_09,2021-07-11T07:11:18.000Z,1.79121E+16,20074918742,https://scontent-lhr8-1.cdninstagram.com/v/t51.2885-19/s150x150/68887566_493437798161104_2993803088206233600_n.jpg?_nc_ht=scontent-lhr8-1.cdninstagram.com&_nc_ohc=gMcpEgCEtsYAX_PvdjA&edm=AMrZAGUBAAAA&ccb=7-4&oh=a1e4596f6c034630ea7681fa5c53ef48&oe=60F55444&_nc_sid=9fb510,FALSE,2021-07-13T21:21:54.553Z,https://www.instagram.com/p/CQ9FY4cNFJb/,
https://www.instagram.com/muzafferparkar,"This statement was from June 23, please can you get the something new?... Unless MOH doesn't announce anything please request not to misguide people",5,4,muzafferparkar,2021-07-11T04:40:58.000Z,1.78963E+16,2961593912,https://scontent-lhr8-1.cdninstagram.com/v/t51.2885-19/s150x150/190456559_208107791151886_1809318555178874680_n.jpg?_nc_ht=scontent-lhr8-1.cdninstagram.com&_nc_ohc=zXknTni3iKAAX9PRBC9&tn=9hblQtT8P0mMjutr&edm=AABBvjUBAAAA&ccb=7-4&oh=5de9d83615e88691ae3351817fba4613&oe=60F48F4B&_nc_sid=83d603,FALSE,2021-07-13T21:21:56.071Z,https://www.instagram.com/p/CRK6RuHBNDX/,
https://www.instagram.com/rajeshkartha,@muzafferparkar Rightly saidğŸ‘ğŸ‘ğŸ‘,1,,rajeshkartha,2021-07-11T04:56:57.000Z,1.82369E+16,43198861,https://scontent-lhr8-1.cdninstagram.com/v/t51.2885-19/s150x150/83271843_1571623679918514_810652507066859520_n.jpg?_nc_ht=scontent-lhr8-1.cdninstagram.com&_nc_ohc=GPEZOAEuO5sAX8FptJd&edm=AABBvjUBAAAA&ccb=7-4&oh=14a66de6ba0613bbb2db2e638a766880&oe=60F5CD64&_nc_sid=83d603,TRUE,2021-07-13T21:21:56.071Z,https://www.instagram.com/p/CRK6RuHBNDX/,
https://www.instagram.com/kuwaitnews.live,@muzafferparkar Ambassador Sibi George made this new statement to Al-Rai daily yesterday.,4,,kuwaitnews.live,2021-07-11T05:03:12.000Z,1.78573E+16,9732863859,https://scontent-lhr8-1.cdninstagram.com/v/t51.2885-19/s150x150/60813572_866667510368421_343983960801411072_n.jpg?_nc_ht=scontent-lhr8-1.cdninstagram.com&_nc_ohc=6Yaq8dVoK-wAX_nEM6E&edm=AABBvjUBAAAA&ccb=7-4&oh=314c0db03c93c0031de6d92824e8c8bd&oe=60F4D326&_nc_sid=83d603,TRUE,2021-07-13T21:21:56.071Z,https://www.instagram.com/p/CRK6RuHBNDX/,
https://www.instagram.com/muzafferparkar,@kuwaitnews.live please add that cutting in that case,0,,muzafferparkar,2021-07-11T05:27:46.000Z,1.81534E+16,2961593912,https://scontent-lhr8-1.cdninstagram.com/v/t51.2885-19/s150x150/190456559_208107791151886_1809318555178874680_n.jpg?_nc_ht=scontent-lhr8-1.cdninstagram.com&_nc_ohc=zXknTni3iKAAX9PRBC9&edm=AABBvjUBAAAA&ccb=7-4&oh=16259db8283a23b45c528e49c4c9dcdd&oe=60F48F4B&_nc_sid=83d603,TRUE,2021-07-13T21:21:56.071Z,https://www.instagram.com/p/CRK6RuHBNDX/,
https://www.instagram.com/nick_jjjm,Our Indian ambassador sibi George is doing a great effort ..after agarwal...,3,0,nick_jjjm,2021-07-11T02:52:09.000Z,1.82378E+16,4782432013,https://scontent-lhr8-1.cdninstagram.com/v/t51.2885-19/s150x150/67101353_1510126509130533_5338844103561969664_n.jpg?_nc_ht=scontent-lhr8-1.cdninstagram.com&_nc_ohc=qGYVLZwb2ScAX8JdgGW&tn=9hblQtT8P0mMjutr&edm=AABBvjUBAAAA&ccb=7-4&oh=e638b52706b5ca060cc81912ab551cde&oe=60F4270A&_nc_sid=83d603,FALSE,2021-07-13T21:21:56.071Z,https://www.instagram.com/p/CRK6RuHBNDX/,
https://www.instagram.com/azr_pathan,Finally ğŸ™Œ,0,1,azr_pathan,2021-07-11T03:32:07.000Z,1.82379E+16,1979856278,https://scontent-lhr8-1.cdninstagram.com/v/t51.2885-19/s150x150/209080731_446872660076639_4739555604125586723_n.jpg?_nc_ht=scontent-lhr8-1.cdninstagram.com&_nc_ohc=V4zwdoPASMEAX-qkCjQ&tn=9hblQtT8P0mMjutr&edm=AABBvjUBAAAA&ccb=7-4&oh=a90fc8e28f2d9187e66188b80df36dd1&oe=60F5CD03&_nc_sid=83d603,FALSE,2021-07-13T21:21:56.071Z,https://www.instagram.com/p/CRK6RuHBNDX/,
https://www.instagram.com/aeroflot__fanpage,"@azr_pathan it's not confirmed, Indian Ambassador doesn't decide anything, the ministry of health has to announce it",1,,aeroflot__fanpage,2021-07-11T06:18:06.000Z,1.80928E+16,33999766859,https://scontent-lhr8-1.cdninstagram.com/v/t51.2885-19/s150x150/136745635_153151073038025_6804602001584218800_n.jpg?_nc_ht=scontent-lhr8-1.cdninstagram.com&_nc_ohc=u2EtTYzVyGEAX9Pq6Dn&edm=AABBvjUBAAAA&ccb=7-4&oh=7c059cd7fab69df0780a062eec12fe75&oe=60F4B0DB&_nc_sid=83d603,TRUE,2021-07-13T21:21:56.071Z,https://www.instagram.com/p/CRK6RuHBNDX/,
https://www.instagram.com/beig_vahid2,when will kuwait open new visas?,1,0,beig_vahid2,2021-07-11T02:58:34.000Z,1.80913E+16,4589909547,https://scontent-lhr8-1.cdninstagram.com/v/t51.2885-19/s150x150/217285747_527728298561227_7849269133596889347_n.jpg?_nc_ht=scontent-lhr8-1.cdninstagram.com&_nc_ohc=h9Wy7YOPZVEAX_2C8Ey&tn=9hblQtT8P0mMjutr&edm=AABBvjUBAAAA&ccb=7-4&oh=22fa2f494b1d48224a9b4949facb952f&oe=60F431DF&_nc_sid=83d603,FALSE,2021-07-13T21:21:56.071Z,https://www.instagram.com/p/CRK6RuHBNDX/,
https://www.instagram.com/mr_wotraasi_hair,FinallyğŸ™Œ,0,0,mr_wotraasi_hair,2021-07-11T03:43:22.000Z,1.79264E+16,759952385,https://scontent-lhr8-1.cdninstagram.com/v/t51.2885-19/s150x150/166203868_478840886772522_6020992093231250282_n.jpg?_nc_ht=scontent-lhr8-1.cdninstagram.com&_nc_ohc=SOOW8jBqYAwAX9EsBdj&edm=AABBvjUBAAAA&ccb=7-4&oh=220da093847fd647b1e52fedef12a575&oe=60F4402C&_nc_sid=83d603,FALSE,2021-07-13T21:21:56.071Z,https://www.instagram.com/p/CRK6RuHBNDX/,
https://www.instagram.com/zameer.shaik,ğŸ™Œ Thank you so much sir,0,0,zameer.shaik,2021-07-11T04:47:30.000Z,1.8192E+16,2880200629,https://scontent-lhr8-1.cdninstagram.com/v/t51.2885-19/s150x150/44298999_2129822703770767_3471218819467313152_n.jpg?_nc_ht=scontent-lhr8-1.cdninstagram.com&_nc_ohc=uY7W7HGDTSsAX8bwJJ2&edm=AABBvjUBAAAA&ccb=7-4&oh=58813d1061567bc44340f00f58c7efec&oe=60F45CB8&_nc_sid=83d603,FALSE,2021-07-13T21:21:56.071Z,https://www.instagram.com/p/CRK6RuHBNDX/,
https://www.instagram.com/sadiqhusain73,You're great sir,0,0,sadiqhusain73,2021-07-11T04:22:30.000Z,1.81253E+16,39029918019,https://instagram.fcmh1-1.fna.fbcdn.net/v/t51.2885-19/44884218_345707102882519_2446069589734326272_n.jpg?_nc_ht=instagram.fcmh1-1.fna.fbcdn.net&_nc_ohc=jEOOxTifyqcAX8y2BBq&edm=AL4D0a4BAAAA&ccb=7-4&oh=d282589d0208492fa6447a5c62de2bda&oe=60F4374F&_nc_sid=712cc3&ig_cache_key=YW5vbnltb3VzX3Byb2ZpbGVfcGlj.2-ccb7-4,FALSE,2021-07-13T21:21:56.071Z,https://www.instagram.com/p/CRK6RuHBNDX/,
https://www.instagram.com/cider5391,Thanks alots sir for this information,0,0,cider5391,2021-07-11T02:52:54.000Z,1.78772E+16,27240873072,https://scontent-lhr8-1.cdninstagram.com/v/t51.2885-19/s150x150/143340342_2760236244291864_2850881723174542878_n.jpg?_nc_ht=scontent-lhr8-1.cdninstagram.com&_nc_ohc=v5IyIrbwFtkAX82PLw-&tn=9hblQtT8P0mMjutr&edm=AABBvjUBAAAA&ccb=7-4&oh=33ab786a841af0b5a461d0dfea64668a&oe=60F5E6E3&_nc_sid=83d603,FALSE,2021-07-13T21:21:56.071Z,https://www.instagram.com/p/CRK6RuHBNDX/,
https://www.instagram.com/chadaramjaganmohanrao,Actually in Feb CovishieldAstrazenica vaccines 2 lack procured from India to kuwait.Then why they not Approved covishield Till several requests by Indian embassy..similarly India's  Covaxin 100 countries using that also not Approved by Kuwait.,0,0,chadaramjaganmohanrao,2021-07-11T03:38:53.000Z,1.7899E+16,45028429696,https://scontent-lhr8-1.cdninstagram.com/v/t51.2885-19/s150x150/134735683_720237758637707_6639622086594988739_n.jpg?_nc_ht=scontent-lhr8-1.cdninstagram.com&_nc_ohc=CBN9N8bA1skAX94gqO2&edm=AABBvjUBAAAA&ccb=7-4&oh=b7b318ed3c5fd3044f4ebebcafd87b29&oe=60F4136A&_nc_sid=83d603,FALSE,2021-07-13T21:21:56.071Z,https://www.instagram.com/p/CRK6RuHBNDX/,
https://www.instagram.com/ahraz.alvi,@kuwaitnews.live please don't misguide his statement got no value unless DGCA  approved covishield vaccine to enter in Kuwait,0,1,ahraz.alvi,2021-07-11T11:56:55.000Z,1.78792E+16,1300012871,https://scontent-lhr8-1.cdninstagram.com/v/t51.2885-19/s150x150/34183378_261073054438919_4739371131234942976_n.jpg?_nc_ht=scontent-lhr8-1.cdninstagram.com&_nc_ohc=D77O6trSIToAX9yAuYi&edm=AABBvjUBAAAA&ccb=7-4&oh=dfb60f195a5489afd16e5729e3be002c&oe=60F5ACAF&_nc_sid=83d603,FALSE,2021-07-13T21:21:56.071Z,https://www.instagram.com/p/CRK6RuHBNDX/,
https://www.instagram.com/kuwaitnews.live,"@ahraz.alvi We've made it clear that this is a statement from the Indian ambassador. In  previous reports, we highlighted that Kuwait's Ministry of Health has yet to clarify its position on the Indian made Covishield vaccination.",1,,kuwaitnews.live,2021-07-11T12:03:30.000Z,1.81642E+16,9732863859,https://scontent-lhr8-1.cdninstagram.com/v/t51.2885-19/s150x150/60813572_866667510368421_343983960801411072_n.jpg?_nc_ht=scontent-lhr8-1.cdninstagram.com&_nc_ohc=6Yaq8dVoK-wAX_nEM6E&edm=AABBvjUBAAAA&ccb=7-4&oh=314c0db03c93c0031de6d92824e8c8bd&oe=60F4D326&_nc_sid=83d603,TRUE,2021-07-13T21:21:56.071Z,https://www.instagram.com/p/CRK6RuHBNDX/,
https://www.instagram.com/ahraz.alvi,@kuwaitnews.live there is not a single announcement or statement made by DGCA or MOH of Kuwait regarding approval of COVIDSHIELD VACCINE for entry in Kuwait,1,0,ahraz.alvi,2021-07-11T11:59:38.000Z,1.78533E+16,1300012871,https://scontent-lhr8-1.cdninstagram.com/v/t51.2885-19/s150x150/34183378_261073054438919_4739371131234942976_n.jpg?_nc_ht=scontent-lhr8-1.cdninstagram.com&_nc_ohc=D77O6trSIToAX9yAuYi&edm=AABBvjUBAAAA&ccb=7-4&oh=dfb60f195a5489afd16e5729e3be002c&oe=60F5ACAF&_nc_sid=83d603,FALSE,2021-07-13T21:21:56.071Z,https://www.instagram.com/p/CRK6RuHBNDX/,
https://www.instagram.com/r._.a._.n._.j._.a._.n,Finally,1,0,r._.a._.n._.j._.a._.n,2021-07-13T18:52:31.000Z,1.79134E+16,4732717017,https://scontent-lhr8-1.cdninstagram.com/v/t51.2885-19/s150x150/174205609_497664167932786_7567041076007732150_n.jpg?_nc_ht=scontent-lhr8-1.cdninstagram.com&_nc_ohc=no6NOJJ1r2gAX-lIBnt&edm=AABBvjUBAAAA&ccb=7-4&oh=3be1efa6ceaade62f10577beb40d66ce&oe=60F438E1&_nc_sid=83d603,FALSE,2021-07-13T21:21:57.332Z,https://www.instagram.com/p/CRRp58_q9nd/,
